customer_id,customer_name,unit_holder_id,sid,agent_id,agent_code,agent_name,agent_name_clean,branch_name,approved_kyc_at,customer_type
1,Customer 0001,100001,IDD2985552297862820,8,AG008,Agent AG008,AGENT AG008,Medan,2025-10-09 08:48:51,Individual
2,Customer 0002,100002,IDD4806572383388538,6,AG006,Agent AG006,AGENT AG006,Surabaya,2024-05-05 11:48:21,Individual
3,Customer 0003,100003,IDD4422080015937809,4,AG004,Agent AG004,AGENT AG004,Jakarta Selatan,2022-06-28 13:38:16,Individual
4,Customer 0004,100004,IDD5138131109426128,2,AG002,Agent AG002,AGENT AG002,Jakarta Pusat,2022-07-03 16:18:53,Individual
5,Customer 0005,100005,IDD8761568052606767,20,AG020,Agent AG020,AGENT AG020,Medan,2024-10-07 09:02:42,Individual
6,Customer 0006,100006,IDD3606576022572682,8,AG008,Agent AG008,AGENT AG008,Medan,2022-04-28 09:24:17,Individual
7,Customer 0007,100007,IDD8513000042575663,15,AG015,Agent AG015,AGENT AG015,Jakarta Selatan,2024-03-12 13:13:42,Individual
8,Customer 0008,100008,IDD9436637338599166,9,AG009,Agent AG009,AGENT AG009,Jakarta Pusat,2022-10-21 10:34:46,Individual
9,Customer 0009,100009,IDD5163666552602351,8,AG008,Agent AG008,AGENT AG008,Medan,2025-05-21 16:14:43,Individual
10,Customer 0010,100010,IDD7920355575047333,11,AG011,Agent AG011,AGENT AG011,Bandung,2022-04-27 08:51:20,Individual
11,Customer 0011,100011,IDD1596172675394206,13,AG013,Agent AG013,AGENT AG013,Jakarta Pusat,2023-10-23 13:13:41,Individual
12,Customer 0012,100012,IDD8968518948004304,16,AG016,Agent AG016,AGENT AG016,Jakarta Selatan,2025-03-09 10:15:47,Individual
13,Customer 0013,100013,IDD3366567949691496,18,AG018,Agent AG018,AGENT AG018,Medan,2025-10-13 13:14:08,Individual
14,Customer 0014,100014,IDD1818837634616799,17,AG017,Agent AG017,AGENT AG017,Medan,2022-02-05 10:50:43,Individual
15,Customer 0015,100015,IDD1572208169501492,14,AG014,Agent AG014,AGENT AG014,Jakarta Pusat,2025-07-20 15:33:16,Individual
16,Customer 0016,100016,IDD9488662960180973,18,AG018,Agent AG018,AGENT AG018,Medan,2022-11-24 09:43:56,Individual
17,Customer 0017,100017,IDD3403346664752912,15,AG015,Agent AG015,AGENT AG015,Jakarta Selatan,2024-02-10 14:10:29,Individual
18,Customer 0018,100018,IDD7504027691763660,1,AG001,Agent AG001,AGENT AG001,Jakarta Pusat,2024-09-25 10:32:58,Individual
19,Customer 0019,100019,IDD6632204807491094,4,AG004,Agent AG004,AGENT AG004,Jakarta Selatan,2024-11-17 17:12:09,Individual
20,Customer 0020,100020,IDD2455103835105377,12,AG012,Agent AG012,AGENT AG012,Jakarta Pusat,2022-10-11 15:01:07,Individual
21,Customer 0021,100021,IDD9874986755582640,12,AG012,Agent AG012,AGENT AG012,Jakarta Pusat,2024-04-02 11:56:36,Individual
22,Customer 0022,100022,IDD7592435864822377,3,AG003,Agent AG003,AGENT AG003,Surabaya,2025-02-25 16:49:08,Individual
23,Customer 0023,100023,IDD5280964241255948,5,AG005,Agent AG005,AGENT AG005,Jakarta Selatan,2023-05-17 17:27:13,Individual
24,Customer 0024,100024,IDD7574636101341011,18,AG018,Agent AG018,AGENT AG018,Medan,2023-12-10 14:42:41,Individual
25,Customer 0025,100025,IDD9103003146376097,12,AG012,Agent AG012,AGENT AG012,Jakarta Pusat,2025-02-08 11:04:21,Individual
26,Customer 0026,100026,IDD5989281350936162,1,AG001,Agent AG001,AGENT AG001,Jakarta Pusat,2023-10-08 08:04:45,Individual
27,Customer 0027,100027,IDD1607086020652500,2,AG002,Agent AG002,AGENT AG002,Jakarta Pusat,2022-06-03 16:15:17,Individual
28,Customer 0028,100028,IDD5856986161658170,16,AG016,Agent AG016,AGENT AG016,Jakarta Selatan,2023-12-19 17:30:15,Individual
29,Customer 0029,100029,IDD4666471019880349,16,AG016,Agent AG016,AGENT AG016,Jakarta Selatan,2023-02-04 14:22:27,Individual
30,Customer 0030,100030,IDD8780747579420083,14,AG014,Agent AG014,AGENT AG014,Jakarta Pusat,2022-11-21 09:03:25,Individual
31,Customer 0031,100031,IDD8761258450493809,11,AG011,Agent AG011,AGENT AG011,Bandung,2022-04-07 11:34:28,Individual
32,Customer 0032,100032,IDD2652713817403233,5,AG005,Agent AG005,AGENT AG005,Jakarta Selatan,2024-08-08 09:28:51,Individual
33,Customer 0033,100033,IDD1455657795914725,18,AG018,Agent AG018,AGENT AG018,Medan,2022-02-25 11:10:26,Individual
34,Customer 0034,100034,IDD2925264107523646,16,AG016,Agent AG016,AGENT AG016,Jakarta Selatan,2025-01-06 14:00:24,Individual
35,Customer 0035,100035,IDD8062283128687055,9,AG009,Agent AG009,AGENT AG009,Jakarta Pusat,2025-05-14 16:42:45,Individual
36,Customer 0036,100036,IDD2710445620675543,16,AG016,Agent AG016,AGENT AG016,Jakarta Selatan,2024-04-02 17:47:34,Individual
37,Customer 0037,100037,IDD3824700123894683,2,AG002,Agent AG002,AGENT AG002,Jakarta Pusat,2022-01-19 15:32:58,Individual
38,Customer 0038,100038,IDD1512325850071781,17,AG017,Agent AG017,AGENT AG017,Medan,2022-03-03 17:04:43,Individual
39,Customer 0039,100039,IDD2079842411763119,8,AG008,Agent AG008,AGENT AG008,Medan,2023-10-20 08:39:05,Individual
40,Customer 0040,100040,IDD6257253247097746,14,AG014,Agent AG014,AGENT AG014,Jakarta Pusat,2024-05-07 13:15:16,Individual
41,Customer 0041,100041,IDD7050046114086181,13,AG013,Agent AG013,AGENT AG013,Jakarta Pusat,2024-08-11 09:00:29,Individual
42,Customer 0042,100042,IDD6070999160272322,20,AG020,Agent AG020,AGENT AG020,Medan,2022-02-18 11:32:16,Individual
43,Customer 0043,100043,IDD4143593651476030,5,AG005,Agent AG005,AGENT AG005,Jakarta Selatan,2022-04-12 12:10:28,Individual
44,Customer 0044,100044,IDD3724833353478467,18,AG018,Agent AG018,AGENT AG018,Medan,2022-11-27 16:19:59,Individual
45,Customer 0045,100045,IDD8909465481131886,4,AG004,Agent AG004,AGENT AG004,Jakarta Selatan,2023-05-04 09:47:35,Individual
46,Customer 0046,100046,IDD3537832920423641,5,AG005,Agent AG005,AGENT AG005,Jakarta Selatan,2023-12-11 11:43:40,Individual
47,Customer 0047,100047,IDD5400303539649777,9,AG009,Agent AG009,AGENT AG009,Jakarta Pusat,2024-01-03 14:53:17,Individual
48,Customer 0048,100048,IDD4004406948191950,2,AG002,Agent AG002,AGENT AG002,Jakarta Pusat,2023-11-09 10:47:28,Individual
49,Customer 0049,100049,IDD4852262277816124,18,AG018,Agent AG018,AGENT AG018,Medan,2022-02-03 10:34:02,Individual
50,Customer 0050,100050,IDD5976705661786320,12,AG012,Agent AG012,AGENT AG012,Jakarta Pusat,2023-07-05 08:19:23,Individual
51,Customer 0051,100051,IDD4222861420424384,2,AG002,Agent AG002,AGENT AG002,Jakarta Pusat,2023-11-08 09:22:49,Individual
52,Customer 0052,100052,IDD8878713279948508,18,AG018,Agent AG018,AGENT AG018,Medan,2025-10-24 10:59:59,Individual
53,Customer 0053,100053,IDD2463685618257044,8,AG008,Agent AG008,AGENT AG008,Medan,2023-07-01 10:47:59,Individual
54,Customer 0054,100054,IDD9384045810088744,3,AG003,Agent AG003,AGENT AG003,Surabaya,2025-11-28 11:17:10,Individual
55,Customer 0055,100055,IDD8855780295229722,4,AG004,Agent AG004,AGENT AG004,Jakarta Selatan,2022-08-08 11:52:58,Individual
56,Customer 0056,100056,IDD3748913715197667,15,AG015,Agent AG015,AGENT AG015,Jakarta Selatan,2023-04-01 11:25:21,Individual
57,Customer 0057,100057,IDD1625286526155785,9,AG009,Agent AG009,AGENT AG009,Jakarta Pusat,2024-06-21 16:25:43,Individual
58,Customer 0058,100058,IDD9459897289456856,18,AG018,Agent AG018,AGENT AG018,Medan,2022-02-09 10:37:16,Individual
59,Customer 0059,100059,IDD6373434049611004,2,AG002,Agent AG002,AGENT AG002,Jakarta Pusat,2025-06-24 13:27:38,Individual
60,Customer 0060,100060,IDD4469530912978521,17,AG017,Agent AG017,AGENT AG017,Medan,2023-05-02 14:00:33,Individual
61,Customer 0061,100061,IDD7480052037738149,18,AG018,Agent AG018,AGENT AG018,Medan,2023-06-14 09:42:58,Individual
62,Customer 0062,100062,IDD3827499906473191,11,AG011,Agent AG011,AGENT AG011,Bandung,2022-12-10 16:19:42,Individual
63,Customer 0063,100063,IDD4624498532235524,14,AG014,Agent AG014,AGENT AG014,Jakarta Pusat,2024-09-05 11:26:42,Individual
64,Customer 0064,100064,IDD7738596143084908,13,AG013,Agent AG013,AGENT AG013,Jakarta Pusat,2023-10-19 12:25:35,Individual
65,Customer 0065,100065,IDD3584287422103479,1,AG001,Agent AG001,AGENT AG001,Jakarta Pusat,2023-07-26 17:38:41,Individual
66,Customer 0066,100066,IDD4979254837114697,11,AG011,Agent AG011,AGENT AG011,Bandung,2025-11-07 16:30:50,Individual
67,Customer 0067,100067,IDD1763772569022808,6,AG006,Agent AG006,AGENT AG006,Surabaya,2024-09-22 17:21:05,Individual
68,Customer 0068,100068,IDD3796009419462208,8,AG008,Agent AG008,AGENT AG008,Medan,2023-04-05 08:02:15,Individual
69,Customer 0069,100069,IDD8653758900925303,16,AG016,Agent AG016,AGENT AG016,Jakarta Selatan,2022-08-14 17:12:45,Individual
70,Customer 0070,100070,IDD4599751653064853,13,AG013,Agent AG013,AGENT AG013,Jakarta Pusat,2023-03-21 08:57:48,Individual
71,Customer 0071,100071,IDD4829379004534617,4,AG004,Agent AG004,AGENT AG004,Jakarta Selatan,2023-03-26 16:29:03,Individual
72,Customer 0072,100072,IDD9263835975382342,18,AG018,Agent AG018,AGENT AG018,Medan,2022-08-05 15:42:33,Individual
73,Customer 0073,100073,IDD3857968285487141,19,AG019,Agent AG019,AGENT AG019,Jakarta Pusat,2025-10-27 16:27:53,Individual
74,Customer 0074,100074,IDD9081330774959334,18,AG018,Agent AG018,AGENT AG018,Medan,2023-12-28 15:28:16,Individual
75,Customer 0075,100075,IDD6743543113040141,8,AG008,Agent AG008,AGENT AG008,Medan,2024-09-16 11:17:28,Individual
76,Customer 0076,100076,IDD3573611892924507,3,AG003,Agent AG003,AGENT AG003,Surabaya,2023-05-11 13:57:34,Individual
77,Customer 0077,100077,IDD2358558879579015,3,AG003,Agent AG003,AGENT AG003,Surabaya,2023-07-23 10:45:13,Individual
78,Customer 0078,100078,IDD4671326941562964,3,AG003,Agent AG003,AGENT AG003,Surabaya,2024-09-15 14:03:13,Individual
79,Customer 0079,100079,IDD9150058599235723,14,AG014,Agent AG014,AGENT AG014,Jakarta Pusat,2022-10-13 15:00:22,Individual
80,Customer 0080,100080,IDD4512689483824893,10,AG010,Agent AG010,AGENT AG010,Medan,2025-09-24 16:51:38,Individual
81,Customer 0081,100081,IDD2976374247857017,8,AG008,Agent AG008,AGENT AG008,Medan,2024-07-16 08:24:21,Individual
82,Customer 0082,100082,IDD2486590075728767,13,AG013,Agent AG013,AGENT AG013,Jakarta Pusat,2025-03-20 16:01:58,Individual
83,Customer 0083,100083,IDD6083590258215160,13,AG013,Agent AG013,AGENT AG013,Jakarta Pusat,2022-02-21 14:08:55,Individual
84,Customer 0084,100084,IDD1452922261752609,15,AG015,Agent AG015,AGENT AG015,Jakarta Selatan,2024-07-11 11:29:20,Individual
85,Customer 0085,100085,IDD8923092649145141,11,AG011,Agent AG011,AGENT AG011,Bandung,2025-05-25 14:16:53,Individual
86,Customer 0086,100086,IDD1174588145567589,3,AG003,Agent AG003,AGENT AG003,Surabaya,2022-06-08 09:49:41,Individual
87,Customer 0087,100087,IDD1279493941226861,2,AG002,Agent AG002,AGENT AG002,Jakarta Pusat,2023-04-27 08:39:09,Individual
88,Customer 0088,100088,IDD5265457117824148,8,AG008,Agent AG008,AGENT AG008,Medan,2022-10-07 15:44:16,Individual
89,Customer 0089,100089,IDD6457396620343991,12,AG012,Agent AG012,AGENT AG012,Jakarta Pusat,2022-03-10 09:37:01,Individual
90,Customer 0090,100090,IDD7101003516996098,10,AG010,Agent AG010,AGENT AG010,Medan,2025-07-23 11:04:37,Individual
91,Customer 0091,100091,IDD7279753725522988,8,AG008,Agent AG008,AGENT AG008,Medan,2024-11-20 09:50:36,Individual
92,Customer 0092,100092,IDD5798540817782920,2,AG002,Agent AG002,AGENT AG002,Jakarta Pusat,2025-11-12 09:32:41,Individual
93,Customer 0093,100093,IDD8652296040983502,11,AG011,Agent AG011,AGENT AG011,Bandung,2025-08-04 14:23:40,Individual
94,Customer 0094,100094,IDD2378021819952632,6,AG006,Agent AG006,AGENT AG006,Surabaya,2025-03-24 16:41:17,Individual
95,Customer 0095,100095,IDD9283182908974288,20,AG020,Agent AG020,AGENT AG020,Medan,2025-08-14 17:17:20,Individual
96,Customer 0096,100096,IDD9418328446683555,8,AG008,Agent AG008,AGENT AG008,Medan,2022-05-15 11:48:29,Individual
97,Customer 0097,100097,IDD7018505933501141,19,AG019,Agent AG019,AGENT AG019,Jakarta Pusat,2025-06-01 15:54:20,Individual
98,Customer 0098,100098,IDD2910605410734749,6,AG006,Agent AG006,AGENT AG006,Jakarta Selatan,2024-05-11 12:56:38,Individual
99,Customer 0099,100099,IDD1091433650901539,9,AG009,Agent AG009,AGENT AG009,Jakarta Pusat,2023-02-08 14:31:35,Individual
100,Customer 0100,100100,IDD5288265818195487,8,AG008,Agent AG008,AGENT AG008,Medan,2025-08-26 08:05:18,Individual
101,Customer 0101,100101,IDD7231062980515078,8,AG008,Agent AG008,AGENT AG008,Medan,2023-05-22 17:23:30,Individual
102,Customer 0102,100102,IDD4096291448618997,18,AG018,Agent AG018,AGENT AG018,Medan,2025-12-18 13:22:44,Individual
103,Customer 0103,100103,IDD3761815458760546,15,AG015,Agent AG015,AGENT AG015,Jakarta Selatan,2024-04-04 11:20:07,Individual
104,Customer 0104,100104,IDD7865195774031403,18,AG018,Agent AG018,AGENT AG018,Medan,2023-04-07 15:17:46,Individual
105,Customer 0105,100105,IDD7847346000456428,19,AG019,Agent AG019,AGENT AG019,Jakarta Pusat,2024-02-27 11:18:14,Individual
106,Customer 0106,100106,IDD3722584834597267,12,AG012,Agent AG012,AGENT AG012,Jakarta Pusat,2022-12-18 10:17:02,Individual
107,Customer 0107,100107,IDD3631331270422244,2,AG002,Agent AG002,AGENT AG002,Jakarta Pusat,2023-11-28 15:06:55,Individual
108,Customer 0108,100108,IDD3561100054126459,1,AG001,Agent AG001,AGENT AG001,Jakarta Pusat,2025-08-15 13:11:03,Individual
109,Customer 0109,100109,IDD8761714320345915,9,AG009,Agent AG009,AGENT AG009,Jakarta Pusat,2025-02-27 09:25:31,Individual
110,Customer 0110,100110,IDD6669543992600710,3,AG003,Agent AG003,AGENT AG003,Surabaya,2022-03-05 17:19:05,Individual
111,Customer 0111,100111,IDD6026671318194032,8,AG008,Agent AG008,AGENT AG008,Medan,2025-10-20 17:14:49,Individual
112,Customer 0112,100112,IDD5057873850070105,17,AG017,Agent AG017,AGENT AG017,Medan,2025-05-28 17:27:19,Individual
113,Customer 0113,100113,IDD1542508576384395,19,AG019,Agent AG019,AGENT AG019,Jakarta Pusat,2022-04-21 11:16:42,Individual
114,Customer 0114,100114,IDD3160510958363840,2,AG002,Agent AG002,AGENT AG002,Jakarta Pusat,2023-09-03 10:00:26,Individual
115,Customer 0115,100115,IDD6348577274142822,15,AG015,Agent AG015,AGENT AG015,Jakarta Selatan,2025-05-02 11:18:45,Individual
116,Customer 0116,100116,IDD8742647937990157,10,AG010,Agent AG010,AGENT AG010,Medan,2025-02-22 11:59:16,Individual
117,Customer 0117,100117,IDD8240939743693472,19,AG019,Agent AG019,AGENT AG019,Jakarta Pusat,2023-07-04 16:14:41,Individual
118,Customer 0118,100118,IDD3392605628147481,5,AG005,Agent AG005,AGENT AG005,Jakarta Selatan,2023-02-02 10:50:19,Individual
119,Customer 0119,100119,IDD8424099001020799,20,AG020,Agent AG020,AGENT AG020,Medan,2024-08-04 15:44:19,Individual
120,Customer 0120,100120,IDD3452176971709160,13,AG013,Agent AG013,AGENT AG013,Jakarta Pusat,2025-08-03 17:02:56,Individual
121,Customer 0121,100121,IDD3903216363301469,14,AG014,Agent AG014,AGENT AG014,Jakarta Pusat,2024-01-03 11:43:53,Individual
122,Customer 0122,100122,IDD9563922496761919,19,AG019,Agent AG019,AGENT AG019,Jakarta Pusat,2022-11-27 12:36:02,Individual
123,Customer 0123,100123,IDD5674412497518059,6,AG006,Agent AG006,AGENT AG006,Jakarta Selatan,2025-05-06 17:27:40,Individual
124,Customer 0124,100124,IDD1821841859182850,16,AG016,Agent AG016,AGENT AG016,Jakarta Selatan,2025-06-14 13:20:42,Individual
125,Customer 0125,100125,IDD2448584483726704,4,AG004,Agent AG004,AGENT AG004,Jakarta Selatan,2024-07-23 15:18:42,Individual
126,Customer 0126,100126,IDD7849973820185884,13,AG013,Agent AG013,AGENT AG013,Jakarta Pusat,2022-08-03 13:16:20,Individual
127,Customer 0127,100127,IDD7958495431526049,4,AG004,Agent AG004,AGENT AG004,Jakarta Selatan,2025-09-27 08:42:55,Individual
128,Customer 0128,100128,IDD4722201031513341,18,AG018,Agent AG018,AGENT AG018,Medan,2022-04-17 13:39:48,Individual
129,Customer 0129,100129,IDD4981553333619090,16,AG016,Agent AG016,AGENT AG016,Jakarta Selatan,2022-04-09 16:08:59,Individual
130,Customer 0130,100130,IDD8933961823608902,10,AG010,Agent AG010,AGENT AG010,Medan,2025-02-01 17:51:15,Individual
131,Customer 0131,100131,IDD5961517490229816,6,AG006,Agent AG006,AGENT AG006,Surabaya,2022-09-14 09:14:53,Individual
132,Customer 0132,100132,IDD9530365377508077,4,AG004,Agent AG004,AGENT AG004,Jakarta Selatan,2022-11-27 10:31:59,Individual
133,Customer 0133,100133,IDD7353783529762740,10,AG010,Agent AG010,AGENT AG010,Medan,2024-07-27 15:30:15,Individual
134,Customer 0134,100134,IDD2302820567364928,15,AG015,Agent AG015,AGENT AG015,Jakarta Selatan,2025-04-20 16:47:56,Individual
135,Customer 0135,100135,IDD1628795513036425,5,AG005,Agent AG005,AGENT AG005,Jakarta Selatan,2024-07-11 16:17:52,Individual
136,Customer 0136,100136,IDD7539685923398329,1,AG001,Agent AG001,AGENT AG001,Jakarta Pusat,2024-10-19 15:55:09,Individual
137,Customer 0137,100137,IDD5362559509523123,15,AG015,Agent AG015,AGENT AG015,Jakarta Selatan,2024-06-18 16:24:29,Individual
138,Customer 0138,100138,IDD2699230236161879,11,AG011,Agent AG011,AGENT AG011,Bandung,2023-10-13 11:54:49,Individual
139,Customer 0139,100139,IDD3865877245261866,14,AG014,Agent AG014,AGENT AG014,Jakarta Pusat,2025-12-26 14:24:42,Individual
140,Customer 0140,100140,IDD9690365939702703,5,AG005,Agent AG005,AGENT AG005,Jakarta Selatan,2022-03-17 17:21:55,Individual
141,Customer 0141,100141,IDD8611441717375159,4,AG004,Agent AG004,AGENT AG004,Jakarta Selatan,2025-02-17 15:00:46,Individual
142,Customer 0142,100142,IDD8844665037708238,5,AG005,Agent AG005,AGENT AG005,Jakarta Selatan,2023-02-16 12:21:39,Individual
143,Customer 0143,100143,IDD1723417017594354,13,AG013,Agent AG013,AGENT AG013,Jakarta Pusat,2024-11-28 16:24:20,Individual
144,Customer 0144,100144,IDD5873039281159760,16,AG016,Agent AG016,AGENT AG016,Jakarta Selatan,2022-10-03 11:40:43,Individual
145,Customer 0145,100145,IDD3049017216716331,10,AG010,Agent AG010,AGENT AG010,Medan,2022-07-04 09:28:10,Individual
146,Customer 0146,100146,IDD1260734164847801,10,AG010,Agent AG010,AGENT AG010,Medan,2022-06-26 08:18:22,Individual
147,Customer 0147,100147,IDD2311173760875847,12,AG012,Agent AG012,AGENT AG012,Jakarta Pusat,2023-09-14 17:43:50,Individual
148,Customer 0148,100148,IDD2576885087898727,6,AG006,Agent AG006,AGENT AG006,Jakarta Selatan,2022-10-28 14:39:43,Individual
149,Customer 0149,100149,IDD9222034125856492,8,AG008,Agent AG008,AGENT AG008,Medan,2023-04-15 12:29:16,Individual
150,Customer 0150,100150,IDD8247490589843088,1,AG001,Agent AG001,AGENT AG001,Jakarta Pusat,2025-05-22 16:10:04,Individual
151,Customer 0151,100151,IDD4112579744069221,15,AG015,Agent AG015,AGENT AG015,Jakarta Selatan,2024-11-14 12:29:54,Individual
152,Customer 0152,100152,IDD8686163456016801,10,AG010,Agent AG010,AGENT AG010,Medan,2025-02-08 14:36:22,Individual
153,Customer 0153,100153,IDD9941375856724735,19,AG019,Agent AG019,AGENT AG019,Jakarta Pusat,2024-01-27 14:17:00,Individual
154,Customer 0154,100154,IDD7177133054725784,19,AG019,Agent AG019,AGENT AG019,Jakarta Pusat,2022-10-24 15:53:57,Individual
155,Customer 0155,100155,IDD8195495186757094,10,AG010,Agent AG010,AGENT AG010,Medan,2023-10-26 13:14:40,Individual
156,Customer 0156,100156,IDD3257446067419454,7,AG007,Agent AG007,AGENT AG007,Jakarta Pusat,2023-11-04 08:19:50,Individual
157,Customer 0157,100157,IDD6220335323091948,15,AG015,Agent AG015,AGENT AG015,Jakarta Selatan,2024-12-05 09:58:18,Individual
158,Customer 0158,100158,IDD4742521748023270,11,AG011,Agent AG011,AGENT AG011,Bandung,2023-04-05 16:56:23,Individual
159,Customer 0159,100159,IDD9227961198452511,17,AG017,Agent AG017,AGENT AG017,Medan,2024-03-09 15:51:18,Individual
160,Customer 0160,100160,IDD2037358315220764,11,AG011,Agent AG011,AGENT AG011,Bandung,2025-02-05 11:55:43,Individual
161,Customer 0161,100161,IDD8617790078811504,13,AG013,Agent AG013,AGENT AG013,Jakarta Pusat,2024-02-26 14:00:16,Individual
162,Customer 0162,100162,IDD5096347064206056,18,AG018,Agent AG018,AGENT AG018,Medan,2024-11-24 12:37:24,Individual
163,Customer 0163,100163,IDD7078384211530231,13,AG013,Agent AG013,AGENT AG013,Jakarta Pusat,2023-08-01 17:56:35,Individual
164,Customer 0164,100164,IDD6495135413351959,11,AG011,Agent AG011,AGENT AG011,Bandung,2023-11-03 15:58:44,Individual
165,Customer 0165,100165,IDD4677602895400568,10,AG010,Agent AG010,AGENT AG010,Medan,2022-03-02 08:19:31,Individual
166,Customer 0166,100166,IDD3114889558627121,4,AG004,Agent AG004,AGENT AG004,Jakarta Selatan,2023-07-15 13:42:47,Individual
167,Customer 0167,100167,IDD6290289112278033,18,AG018,Agent AG018,AGENT AG018,Medan,2023-07-21 09:53:31,Individual
168,Customer 0168,100168,IDD9458239762647120,20,AG020,Agent AG020,AGENT AG020,Medan,2024-01-23 13:13:28,Individual
169,Customer 0169,100169,IDD3126717268759904,15,AG015,Agent AG015,AGENT AG015,Jakarta Selatan,2024-02-22 13:34:57,Individual
170,Customer 0170,100170,IDD4586121858561525,12,AG012,Agent AG012,AGENT AG012,Jakarta Pusat,2024-04-04 15:05:42,Individual
171,Customer 0171,100171,IDD6760039231340146,7,AG007,Agent AG007,AGENT AG007,Jakarta Pusat,2022-01-26 13:15:08,Individual
172,Customer 0172,100172,IDD1617982250736198,19,AG019,Agent AG019,AGENT AG019,Jakarta Pusat,2023-10-07 11:21:49,Individual
173,Customer 0173,100173,IDD9111263874059916,5,AG005,Agent AG005,AGENT AG005,Jakarta Selatan,2022-05-28 10:08:34,Individual
174,Customer 0174,100174,IDD2571729531692773,9,AG009,Agent AG009,AGENT AG009,Jakarta Pusat,2022-11-28 08:08:00,Individual
175,Customer 0175,100175,IDD8101560018202463,12,AG012,Agent AG012,AGENT AG012,Jakarta Pusat,2023-10-11 08:11:16,Individual
176,Customer 0176,100176,IDD7680800698515309,2,AG002,Agent AG002,AGENT AG002,Jakarta Pusat,2025-09-04 09:30:28,Individual
177,Customer 0177,100177,IDD6347266552631303,12,AG012,Agent AG012,AGENT AG012,Jakarta Pusat,2022-08-17 11:39:02,Individual
178,Customer 0178,100178,IDD5125678160553273,17,AG017,Agent AG017,AGENT AG017,Medan,2022-01-16 14:27:43,Individual
179,Customer 0179,100179,IDD7416739080487524,4,AG004,Agent AG004,AGENT AG004,Jakarta Selatan,2025-02-03 13:38:09,Individual
180,Customer 0180,100180,IDD3477122929956748,3,AG003,Agent AG003,AGENT AG003,Surabaya,2024-07-20 16:18:29,Individual
181,Customer 0181,100181,IDD4874892029968405,17,AG017,Agent AG017,AGENT AG017,Medan,2022-12-04 16:46:55,Individual
182,Customer 0182,100182,IDD5067245682135106,7,AG007,Agent AG007,AGENT AG007,Jakarta Pusat,2023-07-11 15:25:26,Individual
183,Customer 0183,100183,IDD4843945532697397,4,AG004,Agent AG004,AGENT AG004,Jakarta Selatan,2024-11-09 13:09:43,Individual
184,Customer 0184,100184,IDD1821679071667730,16,AG016,Agent AG016,AGENT AG016,Jakarta Selatan,2022-02-14 09:47:47,Individual
185,Customer 0185,100185,IDD2171975507549373,12,AG012,Agent AG012,AGENT AG012,Jakarta Pusat,2022-10-18 16:21:42,Individual
186,Customer 0186,100186,IDD4184926172823865,4,AG004,Agent AG004,AGENT AG004,Jakarta Selatan,2025-12-02 12:38:19,Individual
187,Customer 0187,100187,IDD6205423498301709,12,AG012,Agent AG012,AGENT AG012,Jakarta Pusat,2023-03-22 15:14:54,Individual
188,Customer 0188,100188,IDD8614445943591438,4,AG004,Agent AG004,AGENT AG004,Jakarta Selatan,2024-02-25 12:36:14,Individual
189,Customer 0189,100189,IDD6052732005947069,14,AG014,Agent AG014,AGENT AG014,Jakarta Pusat,2022-10-22 12:01:11,Individual
190,Customer 0190,100190,IDD7867174688035082,9,AG009,Agent AG009,AGENT AG009,Jakarta Pusat,2024-06-12 08:11:55,Individual
191,Customer 0191,100191,IDD6920833893198679,5,AG005,Agent AG005,AGENT AG005,Jakarta Selatan,2025-02-05 08:05:47,Individual
192,Customer 0192,100192,IDD4388455242625745,17,AG017,Agent AG017,AGENT AG017,Medan,2025-08-11 10:23:19,Individual
193,Customer 0193,100193,IDD9479445599826672,11,AG011,Agent AG011,AGENT AG011,Bandung,2022-01-05 10:48:39,Individual
194,Customer 0194,100194,IDD1734820259411644,2,AG002,Agent AG002,AGENT AG002,Jakarta Pusat,2024-08-22 14:31:38,Individual
195,Customer 0195,100195,IDD3460468283699731,15,AG015,Agent AG015,AGENT AG015,Jakarta Selatan,2023-09-04 13:27:07,Individual
196,Customer 0196,100196,IDD7111260338794509,10,AG010,Agent AG010,AGENT AG010,Medan,2025-09-22 12:02:14,Individual
197,Customer 0197,100197,IDD6398241248321896,13,AG013,Agent AG013,AGENT AG013,Jakarta Pusat,2022-01-07 12:13:49,Individual
198,Customer 0198,100198,IDD3301517342182511,5,AG005,Agent AG005,AGENT AG005,Jakarta Selatan,2024-06-04 08:31:47,Individual
199,Customer 0199,100199,IDD2163601884370352,14,AG014,Agent AG014,AGENT AG014,Jakarta Pusat,2025-09-23 11:32:35,Individual
200,Customer 0200,100200,IDD4576496886352419,12,AG012,Agent AG012,AGENT AG012,Jakarta Pusat,2022-07-01 15:58:04,Individual
201,Customer 0201,100201,IDD4866649860305872,9,AG009,Agent AG009,AGENT AG009,Jakarta Pusat,2025-12-21 14:18:07,Individual
202,Customer 0202,100202,IDD9702750587542250,13,AG013,Agent AG013,AGENT AG013,Jakarta Pusat,2024-03-26 17:29:53,Individual
203,Customer 0203,100203,IDD4933546176556562,12,AG012,Agent AG012,AGENT AG012,Jakarta Pusat,2022-04-14 17:25:33,Individual
204,Customer 0204,100204,IDD8840988484663114,3,AG003,Agent AG003,AGENT AG003,Surabaya,2024-12-11 11:21:49,Individual
205,Customer 0205,100205,IDD5598024811419980,6,AG006,Agent AG006,AGENT AG006,Jakarta Selatan,2022-09-17 11:57:49,Individual
206,Customer 0206,100206,IDD7551647700495369,12,AG012,Agent AG012,AGENT AG012,Jakarta Pusat,2023-04-04 10:16:12,Individual
207,Customer 0207,100207,IDD2376930447675884,6,AG006,Agent AG006,AGENT AG006,Jakarta Selatan,2022-03-25 15:29:48,Individual
208,Customer 0208,100208,IDD6219384960700166,19,AG019,Agent AG019,AGENT AG019,Jakarta Pusat,2025-11-19 17:20:55,Individual
209,Customer 0209,100209,IDD4961029942125795,11,AG011,Agent AG011,AGENT AG011,Bandung,2022-08-15 12:50:17,Individual
210,Customer 0210,100210,IDD4170012523219917,19,AG019,Agent AG019,AGENT AG019,Jakarta Pusat,2022-05-15 15:02:03,Individual
211,Customer 0211,100211,IDD3585762862862858,12,AG012,Agent AG012,AGENT AG012,Jakarta Pusat,2022-11-28 09:39:38,Individual
212,Customer 0212,100212,IDD5167734836162973,17,AG017,Agent AG017,AGENT AG017,Medan,2022-08-26 17:41:12,Individual
213,Customer 0213,100213,IDD5284086447352209,11,AG011,Agent AG011,AGENT AG011,Bandung,2023-01-15 09:51:57,Individual
214,Customer 0214,100214,IDD7433985487806236,11,AG011,Agent AG011,AGENT AG011,Bandung,2022-09-21 10:02:15,Individual
215,Customer 0215,100215,IDD4957962648404638,15,AG015,Agent AG015,AGENT AG015,Jakarta Selatan,2023-06-12 12:24:26,Individual
216,Customer 0216,100216,IDD6385277724704175,11,AG011,Agent AG011,AGENT AG011,Bandung,2022-11-21 13:04:21,Individual
217,Customer 0217,100217,IDD7110297749630302,4,AG004,Agent AG004,AGENT AG004,Jakarta Selatan,2025-05-09 17:55:09,Individual
218,Customer 0218,100218,IDD6248849817718881,11,AG011,Agent AG011,AGENT AG011,Bandung,2023-06-10 14:08:38,Individual
219,Customer 0219,100219,IDD6034321475846703,3,AG003,Agent AG003,AGENT AG003,Surabaya,2025-11-26 13:52:08,Individual
220,Customer 0220,100220,IDD6818873633605788,17,AG017,Agent AG017,AGENT AG017,Medan,2025-09-12 08:23:19,Individual
221,Customer 0221,100221,IDD2929277624800525,6,AG006,Agent AG006,AGENT AG006,Jakarta Selatan,2024-08-07 11:08:09,Individual
222,Customer 0222,100222,IDD8605933085100012,3,AG003,Agent AG003,AGENT AG003,Surabaya,2022-09-25 16:53:47,Individual
223,Customer 0223,100223,IDD6962127733543361,17,AG017,Agent AG017,AGENT AG017,Medan,2024-10-05 17:24:09,Individual
224,Customer 0224,100224,IDD8488087278742468,6,AG006,Agent AG006,AGENT AG006,Surabaya,2023-12-15 08:26:23,Individual
225,Customer 0225,100225,IDD5000989538874737,8,AG008,Agent AG008,AGENT AG008,Medan,2024-12-26 15:14:34,Individual
226,Customer 0226,100226,IDD9697318693489064,8,AG008,Agent AG008,AGENT AG008,Medan,2025-04-12 17:28:29,Individual
227,Customer 0227,100227,IDD4439602131215108,10,AG010,Agent AG010,AGENT AG010,Medan,2025-03-27 11:51:38,Individual
228,Customer 0228,100228,IDD3251829333003735,5,AG005,Agent AG005,AGENT AG005,Jakarta Selatan,2022-11-16 13:35:59,Individual
229,Customer 0229,100229,IDD8619120419725275,4,AG004,Agent AG004,AGENT AG004,Jakarta Selatan,2022-05-03 10:17:28,Individual
230,Customer 0230,100230,IDD8485402780312623,17,AG017,Agent AG017,AGENT AG017,Medan,2025-02-08 15:56:22,Individual
231,Customer 0231,100231,IDD1479693794357016,1,AG001,Agent AG001,AGENT AG001,Jakarta Pusat,2025-09-12 11:24:05,Individual
232,Customer 0232,100232,IDD1253889366155089,12,AG012,Agent AG012,AGENT AG012,Jakarta Pusat,2024-02-27 13:50:09,Individual
233,Customer 0233,100233,IDD3583977043836155,5,AG005,Agent AG005,AGENT AG005,Jakarta Selatan,2025-12-27 10:48:45,Individual
234,Customer 0234,100234,IDD6542562732936157,16,AG016,Agent AG016,AGENT AG016,Jakarta Selatan,2022-02-01 12:13:53,Individual
235,Customer 0235,100235,IDD9468801691479874,5,AG005,Agent AG005,AGENT AG005,Jakarta Selatan,2025-02-25 12:15:19,Individual
236,Customer 0236,100236,IDD3147668536676039,4,AG004,Agent AG004,AGENT AG004,Jakarta Selatan,2025-11-26 17:29:04,Individual
237,Customer 0237,100237,IDD9152839363832448,4,AG004,Agent AG004,AGENT AG004,Jakarta Selatan,2025-10-18 08:40:32,Individual
238,Customer 0238,100238,IDD7472070077589577,19,AG019,Agent AG019,AGENT AG019,Jakarta Pusat,2023-05-14 08:39:22,Individual
239,Customer 0239,100239,IDD4752107355604085,8,AG008,Agent AG008,AGENT AG008,Medan,2023-11-22 09:33:23,Individual
240,Customer 0240,100240,IDD5738323684934496,3,AG003,Agent AG003,AGENT AG003,Surabaya,2022-07-28 15:02:40,Individual
241,Customer 0241,100241,IDD4362409555519053,13,AG013,Agent AG013,AGENT AG013,Jakarta Pusat,2024-12-01 13:50:04,Individual
242,Customer 0242,100242,IDD7601743726701992,12,AG012,Agent AG012,AGENT AG012,Jakarta Pusat,2022-10-24 13:08:02,Individual
243,Customer 0243,100243,IDD4049364700761729,12,AG012,Agent AG012,AGENT AG012,Jakarta Pusat,2023-11-15 15:40:11,Individual
244,Customer 0244,100244,IDD7449559385889619,5,AG005,Agent AG005,AGENT AG005,Jakarta Selatan,2025-01-10 11:02:50,Individual
245,Customer 0245,100245,IDD1377458415315114,7,AG007,Agent AG007,AGENT AG007,Jakarta Pusat,2024-05-17 14:52:34,Individual
246,Customer 0246,100246,IDD1329850281339854,16,AG016,Agent AG016,AGENT AG016,Jakarta Selatan,2023-05-12 08:55:41,Individual
247,Customer 0247,100247,IDD2121172321306137,11,AG011,Agent AG011,AGENT AG011,Bandung,2024-07-13 15:57:24,Individual
248,Customer 0248,100248,IDD2682703649207037,11,AG011,Agent AG011,AGENT AG011,Bandung,2025-12-16 13:59:51,Individual
249,Customer 0249,100249,IDD8216100253617835,17,AG017,Agent AG017,AGENT AG017,Medan,2022-12-14 09:27:38,Individual
250,Customer 0250,100250,IDD3646011434776012,6,AG006,Agent AG006,AGENT AG006,Jakarta Selatan,2024-02-03 13:42:18,Individual
251,Customer 0251,100251,IDD6427934339238158,10,AG010,Agent AG010,AGENT AG010,Medan,2025-03-23 15:22:28,Individual
252,Customer 0252,100252,IDD8836600449925655,2,AG002,Agent AG002,AGENT AG002,Jakarta Pusat,2024-10-14 12:40:50,Individual
253,Customer 0253,100253,IDD7045484618999259,2,AG002,Agent AG002,AGENT AG002,Jakarta Pusat,2025-06-17 10:01:09,Individual
254,Customer 0254,100254,IDD8037431380917095,20,AG020,Agent AG020,AGENT AG020,Medan,2025-01-05 09:15:49,Individual
255,Customer 0255,100255,IDD4448443682285212,6,AG006,Agent AG006,AGENT AG006,Jakarta Selatan,2022-10-05 15:23:23,Individual
256,Customer 0256,100256,IDD1692523804229898,15,AG015,Agent AG015,AGENT AG015,Jakarta Selatan,2023-09-12 14:20:41,Individual
257,Customer 0257,100257,IDD9651594214575260,9,AG009,Agent AG009,AGENT AG009,Jakarta Pusat,2022-01-24 10:31:33,Individual
258,Customer 0258,100258,IDD6059101736168437,13,AG013,Agent AG013,AGENT AG013,Jakarta Pusat,2022-05-25 12:45:28,Individual
259,Customer 0259,100259,IDD6511302018615482,7,AG007,Agent AG007,AGENT AG007,Jakarta Pusat,2024-12-16 11:07:08,Individual
260,Customer 0260,100260,IDD2555149469848024,3,AG003,Agent AG003,AGENT AG003,Surabaya,2025-02-26 13:42:22,Individual
261,Customer 0261,100261,IDD5883444602281194,3,AG003,Agent AG003,AGENT AG003,Surabaya,2024-05-28 10:45:45,Individual
262,Customer 0262,100262,IDD4256035295866787,6,AG006,Agent AG006,AGENT AG006,Surabaya,2023-02-07 10:15:50,Individual
263,Customer 0263,100263,IDD4250663290735827,16,AG016,Agent AG016,AGENT AG016,Jakarta Selatan,2024-08-26 16:08:39,Individual
264,Customer 0264,100264,IDD3785840624623161,3,AG003,Agent AG003,AGENT AG003,Surabaya,2025-12-24 15:33:26,Individual
265,Customer 0265,100265,IDD6178243741540068,14,AG014,Agent AG014,AGENT AG014,Jakarta Pusat,2022-03-11 09:28:29,Individual
266,Customer 0266,100266,IDD2155936092823268,17,AG017,Agent AG017,AGENT AG017,Medan,2023-03-14 16:58:55,Individual
267,Customer 0267,100267,IDD2118344335198005,2,AG002,Agent AG002,AGENT AG002,Jakarta Pusat,2023-05-06 10:20:59,Individual
268,Customer 0268,100268,IDD9534170222786545,8,AG008,Agent AG008,AGENT AG008,Medan,2024-02-09 11:40:35,Individual
269,Customer 0269,100269,IDD6629697640311043,9,AG009,Agent AG009,AGENT AG009,Jakarta Pusat,2024-10-18 09:32:41,Individual
270,Customer 0270,100270,IDD9481240101470741,6,AG006,Agent AG006,AGENT AG006,Jakarta Selatan,2023-03-22 17:46:57,Individual
271,Customer 0271,100271,IDD8588834999942334,20,AG020,Agent AG020,AGENT AG020,Medan,2022-01-03 08:41:49,Individual
272,Customer 0272,100272,IDD6864856288787779,19,AG019,Agent AG019,AGENT AG019,Jakarta Pusat,2023-10-14 17:40:01,Individual
273,Customer 0273,100273,IDD6648993914014897,16,AG016,Agent AG016,AGENT AG016,Jakarta Selatan,2024-11-10 15:15:51,Individual
274,Customer 0274,100274,IDD5085159421059155,13,AG013,Agent AG013,AGENT AG013,Jakarta Pusat,2022-12-02 10:28:26,Individual
275,Customer 0275,100275,IDD2837676766801528,16,AG016,Agent AG016,AGENT AG016,Jakarta Selatan,2024-10-05 13:55:45,Individual
276,Customer 0276,100276,IDD9899325714531278,11,AG011,Agent AG011,AGENT AG011,Bandung,2024-07-05 13:32:35,Individual
277,Customer 0277,100277,IDD3177382285939772,4,AG004,Agent AG004,AGENT AG004,Jakarta Selatan,2025-02-09 15:15:09,Individual
278,Customer 0278,100278,IDD3613994623105007,4,AG004,Agent AG004,AGENT AG004,Jakarta Selatan,2025-10-14 11:55:57,Individual
279,Customer 0279,100279,IDD3949280226612615,6,AG006,Agent AG006,AGENT AG006,Surabaya,2024-04-25 10:31:32,Individual
280,Customer 0280,100280,IDD8918010575533896,15,AG015,Agent AG015,AGENT AG015,Jakarta Selatan,2024-08-01 09:25:32,Individual
281,Customer 0281,100281,IDD3168292621469302,15,AG015,Agent AG015,AGENT AG015,Jakarta Selatan,2023-10-12 08:03:18,Individual
282,Customer 0282,100282,IDD8947405755874687,16,AG016,Agent AG016,AGENT AG016,Jakarta Selatan,2025-05-18 08:54:06,Individual
283,Customer 0283,100283,IDD8948451736817510,14,AG014,Agent AG014,AGENT AG014,Jakarta Pusat,2024-12-12 14:23:02,Individual
284,Customer 0284,100284,IDD6136639371815829,13,AG013,Agent AG013,AGENT AG013,Jakarta Pusat,2023-06-18 12:04:24,Individual
285,Customer 0285,100285,IDD7885139452423331,17,AG017,Agent AG017,AGENT AG017,Medan,2024-10-22 17:07:08,Individual
286,Customer 0286,100286,IDD4361470730919871,4,AG004,Agent AG004,AGENT AG004,Jakarta Selatan,2024-09-12 10:12:38,Individual
287,Customer 0287,100287,IDD5504301430984138,17,AG017,Agent AG017,AGENT AG017,Medan,2022-01-02 10:45:21,Individual
288,Customer 0288,100288,IDD5116187217853711,16,AG016,Agent AG016,AGENT AG016,Jakarta Selatan,2023-10-17 10:20:59,Individual
289,Customer 0289,100289,IDD2463687567847201,20,AG020,Agent AG020,AGENT AG020,Medan,2025-10-24 12:37:21,Individual
290,Customer 0290,100290,IDD5591095963633129,9,AG009,Agent AG009,AGENT AG009,Jakarta Pusat,2025-12-19 12:30:52,Individual
291,Customer 0291,100291,IDD3983539268956807,3,AG003,Agent AG003,AGENT AG003,Surabaya,2022-07-19 12:50:57,Individual
292,Customer 0292,100292,IDD5274727678841224,1,AG001,Agent AG001,AGENT AG001,Jakarta Pusat,2024-11-26 17:36:14,Individual
293,Customer 0293,100293,IDD5327499884513299,2,AG002,Agent AG002,AGENT AG002,Jakarta Pusat,2023-09-21 17:49:53,Individual
294,Customer 0294,100294,IDD8400864940859644,16,AG016,Agent AG016,AGENT AG016,Jakarta Selatan,2023-01-19 09:12:01,Individual
295,Customer 0295,100295,IDD4772034900174471,15,AG015,Agent AG015,AGENT AG015,Jakarta Selatan,2023-07-23 11:26:32,Individual
296,Customer 0296,100296,IDD5247846868435666,20,AG020,Agent AG020,AGENT AG020,Medan,2022-12-05 16:13:35,Individual
297,Customer 0297,100297,IDD6964811917916911,11,AG011,Agent AG011,AGENT AG011,Bandung,2025-09-13 13:11:29,Individual
298,Customer 0298,100298,IDD5920389019024974,18,AG018,Agent AG018,AGENT AG018,Medan,2024-11-25 12:39:30,Individual
299,Customer 0299,100299,IDD3220450664157272,7,AG007,Agent AG007,AGENT AG007,Jakarta Pusat,2024-09-10 11:19:49,Individual
300,Customer 0300,100300,IDD2866995246326601,10,AG010,Agent AG010,AGENT AG010,Medan,2025-06-16 13:35:59,Individual
301,Customer 0301,100301,IDD2097743337296007,9,AG009,Agent AG009,AGENT AG009,Jakarta Pusat,2025-07-27 13:49:51,Individual
302,Customer 0302,100302,IDD1378898967370495,5,AG005,Agent AG005,AGENT AG005,Jakarta Selatan,2024-12-03 13:59:28,Individual
303,Customer 0303,100303,IDD5315165442020194,9,AG009,Agent AG009,AGENT AG009,Jakarta Pusat,2023-04-27 16:17:59,Individual
304,Customer 0304,100304,IDD3446549505820745,18,AG018,Agent AG018,AGENT AG018,Medan,2023-02-20 17:15:15,Individual
305,Customer 0305,100305,IDD9153173654650140,2,AG002,Agent AG002,AGENT AG002,Jakarta Pusat,2023-11-08 08:06:26,Individual
306,Customer 0306,100306,IDD5255035771111193,11,AG011,Agent AG011,AGENT AG011,Bandung,2022-11-25 10:00:35,Individual
307,Customer 0307,100307,IDD6880735393846842,6,AG006,Agent AG006,AGENT AG006,Surabaya,2025-08-21 11:48:18,Individual
308,Customer 0308,100308,IDD6817731996777182,11,AG011,Agent AG011,AGENT AG011,Bandung,2022-02-21 17:14:34,Individual
309,Customer 0309,100309,IDD9299873602989138,17,AG017,Agent AG017,AGENT AG017,Medan,2023-07-27 10:59:58,Individual
310,Customer 0310,100310,IDD8531852206614207,2,AG002,Agent AG002,AGENT AG002,Jakarta Pusat,2025-08-06 12:56:02,Individual
311,Customer 0311,100311,IDD6115745417784981,1,AG001,Agent AG001,AGENT AG001,Jakarta Pusat,2022-06-10 15:41:34,Individual
312,Customer 0312,100312,IDD9009742466222933,17,AG017,Agent AG017,AGENT AG017,Medan,2023-09-15 12:12:51,Individual
313,Customer 0313,100313,IDD2463618900571803,4,AG004,Agent AG004,AGENT AG004,Jakarta Selatan,2025-11-09 10:00:47,Individual
314,Customer 0314,100314,IDD3657342612029432,16,AG016,Agent AG016,AGENT AG016,Jakarta Selatan,2023-03-20 14:52:27,Individual
315,Customer 0315,100315,IDD1781264549511283,17,AG017,Agent AG017,AGENT AG017,Medan,2025-11-04 10:08:30,Individual
316,Customer 0316,100316,IDD3234211646980278,11,AG011,Agent AG011,AGENT AG011,Bandung,2022-05-13 11:28:48,Individual
317,Customer 0317,100317,IDD3969003320123474,9,AG009,Agent AG009,AGENT AG009,Jakarta Pusat,2024-10-24 17:00:16,Individual
318,Customer 0318,100318,IDD3128425558558791,12,AG012,Agent AG012,AGENT AG012,Jakarta Pusat,2022-11-04 15:19:10,Individual
319,Customer 0319,100319,IDD5526301476193625,13,AG013,Agent AG013,AGENT AG013,Jakarta Pusat,2024-12-04 12:23:39,Individual
320,Customer 0320,100320,IDD9623135630348243,8,AG008,Agent AG008,AGENT AG008,Medan,2023-08-05 15:47:38,Individual
321,Customer 0321,100321,IDD7322520063269815,12,AG012,Agent AG012,AGENT AG012,Jakarta Pusat,2025-09-26 11:48:15,Individual
322,Customer 0322,100322,IDD8092008368064375,20,AG020,Agent AG020,AGENT AG020,Medan,2022-09-15 16:45:23,Individual
323,Customer 0323,100323,IDD6081581610896521,3,AG003,Agent AG003,AGENT AG003,Surabaya,2022-01-27 16:57:32,Individual
324,Customer 0324,100324,IDD5833803467789235,7,AG007,Agent AG007,AGENT AG007,Jakarta Pusat,2023-03-11 16:28:07,Individual
325,Customer 0325,100325,IDD6252529038815117,7,AG007,Agent AG007,AGENT AG007,Jakarta Pusat,2025-02-17 15:51:03,Individual
326,Customer 0326,100326,IDD5622922975484579,15,AG015,Agent AG015,AGENT AG015,Jakarta Selatan,2025-08-19 08:35:29,Individual
327,Customer 0327,100327,IDD1196089838363199,10,AG010,Agent AG010,AGENT AG010,Medan,2025-05-27 08:47:13,Individual
328,Customer 0328,100328,IDD1407932012466221,1,AG001,Agent AG001,AGENT AG001,Jakarta Pusat,2025-06-23 09:34:03,Individual
329,Customer 0329,100329,IDD9410705547197842,3,AG003,Agent AG003,AGENT AG003,Surabaya,2025-01-10 14:11:49,Individual
330,Customer 0330,100330,IDD6778344915060852,5,AG005,Agent AG005,AGENT AG005,Jakarta Selatan,2025-06-13 15:55:58,Individual
331,Customer 0331,100331,IDD1722827429432919,13,AG013,Agent AG013,AGENT AG013,Jakarta Pusat,2023-11-28 13:07:11,Individual
332,Customer 0332,100332,IDD5763391002377608,18,AG018,Agent AG018,AGENT AG018,Medan,2023-12-08 08:48:01,Individual
333,Customer 0333,100333,IDD7066346941443170,10,AG010,Agent AG010,AGENT AG010,Medan,2025-09-13 11:15:29,Individual
334,Customer 0334,100334,IDD3482831065745628,12,AG012,Agent AG012,AGENT AG012,Jakarta Pusat,2023-12-25 09:02:51,Individual
335,Customer 0335,100335,IDD7899996451117922,14,AG014,Agent AG014,AGENT AG014,Jakarta Pusat,2022-04-07 09:06:38,Individual
336,Customer 0336,100336,IDD6384366193243692,2,AG002,Agent AG002,AGENT AG002,Jakarta Pusat,2022-04-24 08:25:28,Individual
337,Customer 0337,100337,IDD2956986986803942,8,AG008,Agent AG008,AGENT AG008,Medan,2022-03-17 12:14:52,Individual
338,Customer 0338,100338,IDD6201430103436326,19,AG019,Agent AG019,AGENT AG019,Jakarta Pusat,2024-04-10 10:42:33,Individual
339,Customer 0339,100339,IDD3706672986297577,8,AG008,Agent AG008,AGENT AG008,Medan,2024-01-18 17:56:47,Individual
340,Customer 0340,100340,IDD7113639526372882,6,AG006,Agent AG006,AGENT AG006,Surabaya,2025-09-16 08:22:41,Individual
341,Customer 0341,100341,IDD5723943414594940,13,AG013,Agent AG013,AGENT AG013,Jakarta Pusat,2024-12-14 14:09:19,Individual
342,Customer 0342,100342,IDD7795175922938192,13,AG013,Agent AG013,AGENT AG013,Jakarta Pusat,2025-04-28 11:19:54,Individual
343,Customer 0343,100343,IDD5170562734086334,5,AG005,Agent AG005,AGENT AG005,Jakarta Selatan,2022-09-14 14:35:33,Individual
344,Customer 0344,100344,IDD3187475756740188,5,AG005,Agent AG005,AGENT AG005,Jakarta Selatan,2024-04-11 09:59:28,Individual
345,Customer 0345,100345,IDD5824575815432291,12,AG012,Agent AG012,AGENT AG012,Jakarta Pusat,2023-01-09 14:43:38,Individual
346,Customer 0346,100346,IDD8868869882399199,20,AG020,Agent AG020,AGENT AG020,Medan,2022-04-26 17:46:42,Individual
347,Customer 0347,100347,IDD5317997842720016,18,AG018,Agent AG018,AGENT AG018,Medan,2023-06-10 08:13:59,Individual
348,Customer 0348,100348,IDD7678618147829484,7,AG007,Agent AG007,AGENT AG007,Jakarta Pusat,2022-12-25 15:58:15,Individual
349,Customer 0349,100349,IDD2842093021080979,20,AG020,Agent AG020,AGENT AG020,Medan,2025-04-18 13:49:18,Individual
350,Customer 0350,100350,IDD5806693177012405,13,AG013,Agent AG013,AGENT AG013,Jakarta Pusat,2024-05-09 13:32:56,Individual
351,Customer 0351,100351,IDD1888184058415866,16,AG016,Agent AG016,AGENT AG016,Jakarta Selatan,2025-06-07 13:20:26,Individual
352,Customer 0352,100352,IDD8782985667550932,2,AG002,Agent AG002,AGENT AG002,Jakarta Pusat,2023-12-05 08:16:35,Individual
353,Customer 0353,100353,IDD7485291435210214,19,AG019,Agent AG019,AGENT AG019,Jakarta Pusat,2025-05-05 11:21:14,Individual
354,Customer 0354,100354,IDD8506265250838975,13,AG013,Agent AG013,AGENT AG013,Jakarta Pusat,2023-08-18 13:16:48,Individual
355,Customer 0355,100355,IDD7517230475744765,16,AG016,Agent AG016,AGENT AG016,Jakarta Selatan,2025-08-06 13:10:08,Individual
356,Customer 0356,100356,IDD2657756394343533,18,AG018,Agent AG018,AGENT AG018,Medan,2022-09-02 09:52:42,Individual
357,Customer 0357,100357,IDD1057500010001905,2,AG002,Agent AG002,AGENT AG002,Jakarta Pusat,2025-03-27 11:04:45,Individual
358,Customer 0358,100358,IDD2970049998329937,5,AG005,Agent AG005,AGENT AG005,Jakarta Selatan,2025-06-02 17:40:42,Individual
359,Customer 0359,100359,IDD5352317619573835,20,AG020,Agent AG020,AGENT AG020,Medan,2025-01-01 16:35:26,Individual
360,Customer 0360,100360,IDD5768569116600866,4,AG004,Agent AG004,AGENT AG004,Jakarta Selatan,2024-09-10 08:32:52,Individual
361,Customer 0361,100361,IDD9464172822102425,14,AG014,Agent AG014,AGENT AG014,Jakarta Pusat,2023-02-04 16:09:15,Individual
362,Customer 0362,100362,IDD5741895664825608,7,AG007,Agent AG007,AGENT AG007,Jakarta Pusat,2024-06-09 14:05:23,Individual
363,Customer 0363,100363,IDD6089087245574224,13,AG013,Agent AG013,AGENT AG013,Jakarta Pusat,2023-12-08 12:43:52,Individual
364,Customer 0364,100364,IDD9932211933526362,3,AG003,Agent AG003,AGENT AG003,Surabaya,2022-02-13 14:24:35,Individual
365,Customer 0365,100365,IDD6735314884496490,16,AG016,Agent AG016,AGENT AG016,Jakarta Selatan,2022-12-06 09:31:54,Individual
366,Customer 0366,100366,IDD8065034993214488,14,AG014,Agent AG014,AGENT AG014,Jakarta Pusat,2024-10-28 09:57:33,Individual
367,Customer 0367,100367,IDD2904273521769011,2,AG002,Agent AG002,AGENT AG002,Jakarta Pusat,2025-05-02 09:43:59,Individual
368,Customer 0368,100368,IDD5891185633642964,9,AG009,Agent AG009,AGENT AG009,Jakarta Pusat,2022-03-28 13:01:13,Individual
369,Customer 0369,100369,IDD7775702370761981,19,AG019,Agent AG019,AGENT AG019,Jakarta Pusat,2025-02-10 10:36:15,Individual
370,Customer 0370,100370,IDD8651096980596910,19,AG019,Agent AG019,AGENT AG019,Jakarta Pusat,2025-11-18 13:24:48,Individual
371,Customer 0371,100371,IDD9903419060163867,5,AG005,Agent AG005,AGENT AG005,Jakarta Selatan,2022-09-24 13:03:06,Individual
372,Customer 0372,100372,IDD8554109736339981,14,AG014,Agent AG014,AGENT AG014,Jakarta Pusat,2022-06-20 17:38:25,Individual
373,Customer 0373,100373,IDD6711670975761439,11,AG011,Agent AG011,AGENT AG011,Bandung,2024-08-16 11:22:35,Individual
374,Customer 0374,100374,IDD2672977515910724,11,AG011,Agent AG011,AGENT AG011,Bandung,2025-02-25 17:18:51,Individual
375,Customer 0375,100375,IDD1662089451325434,8,AG008,Agent AG008,AGENT AG008,Medan,2022-05-05 14:45:50,Individual
376,Customer 0376,100376,IDD4509403774487710,5,AG005,Agent AG005,AGENT AG005,Jakarta Selatan,2024-06-04 09:00:19,Individual
377,Customer 0377,100377,IDD7857599733697933,15,AG015,Agent AG015,AGENT AG015,Jakarta Selatan,2024-02-05 09:11:27,Individual
378,Customer 0378,100378,IDD5996655675249191,15,AG015,Agent AG015,AGENT AG015,Jakarta Selatan,2025-02-01 09:22:35,Individual
379,Customer 0379,100379,IDD6386699006807084,3,AG003,Agent AG003,AGENT AG003,Surabaya,2024-07-01 12:26:24,Individual
380,Customer 0380,100380,IDD9116713913540030,3,AG003,Agent AG003,AGENT AG003,Surabaya,2023-10-17 10:43:24,Individual
381,Customer 0381,100381,IDD3422203237467575,6,AG006,Agent AG006,AGENT AG006,Surabaya,2024-05-16 10:04:10,Individual
382,Customer 0382,100382,IDD4792951228854248,14,AG014,Agent AG014,AGENT AG014,Jakarta Pusat,2024-08-26 09:23:16,Individual
383,Customer 0383,100383,IDD6629803278163422,8,AG008,Agent AG008,AGENT AG008,Medan,2025-10-20 11:29:06,Individual
384,Customer 0384,100384,IDD1060955484360983,5,AG005,Agent AG005,AGENT AG005,Jakarta Selatan,2025-06-27 17:24:51,Individual
385,Customer 0385,100385,IDD4015034572796676,11,AG011,Agent AG011,AGENT AG011,Bandung,2025-11-20 10:19:20,Individual
386,Customer 0386,100386,IDD7262637616750365,20,AG020,Agent AG020,AGENT AG020,Medan,2023-08-11 10:25:20,Individual
387,Customer 0387,100387,IDD7259625932405234,10,AG010,Agent AG010,AGENT AG010,Medan,2025-10-26 11:20:24,Individual
388,Customer 0388,100388,IDD8078457502976214,9,AG009,Agent AG009,AGENT AG009,Jakarta Pusat,2025-06-04 17:12:37,Individual
389,Customer 0389,100389,IDD7140322242344371,18,AG018,Agent AG018,AGENT AG018,Medan,2022-12-15 11:28:51,Individual
390,Customer 0390,100390,IDD7240505152070268,10,AG010,Agent AG010,AGENT AG010,Medan,2022-07-22 15:08:40,Individual
391,Customer 0391,100391,IDD3275951454263655,10,AG010,Agent AG010,AGENT AG010,Medan,2023-12-14 14:04:28,Individual
392,Customer 0392,100392,IDD6244389054947329,20,AG020,Agent AG020,AGENT AG020,Medan,2025-09-17 14:34:02,Individual
393,Customer 0393,100393,IDD9065960185318898,12,AG012,Agent AG012,AGENT AG012,Jakarta Pusat,2022-02-25 11:42:42,Individual
394,Customer 0394,100394,IDD6827657154767043,12,AG012,Agent AG012,AGENT AG012,Jakarta Pusat,2022-10-21 14:48:21,Individual
395,Customer 0395,100395,IDD1095005131615921,12,AG012,Agent AG012,AGENT AG012,Jakarta Pusat,2022-05-08 16:47:33,Individual
396,Customer 0396,100396,IDD7193929449691348,18,AG018,Agent AG018,AGENT AG018,Medan,2023-08-12 14:29:49,Individual
397,Customer 0397,100397,IDD5507794480857036,19,AG019,Agent AG019,AGENT AG019,Jakarta Pusat,2023-06-01 15:06:18,Individual
398,Customer 0398,100398,IDD9662476248383713,14,AG014,Agent AG014,AGENT AG014,Jakarta Pusat,2022-02-27 10:22:19,Individual
399,Customer 0399,100399,IDD8064076401290731,11,AG011,Agent AG011,AGENT AG011,Bandung,2023-09-16 13:30:06,Individual
400,Customer 0400,100400,IDD7275886623266888,15,AG015,Agent AG015,AGENT AG015,Jakarta Selatan,2025-06-03 12:02:51,Individual
401,Customer 0401,100401,IDD8648731260789579,4,AG004,Agent AG004,AGENT AG004,Jakarta Selatan,2024-11-04 10:59:47,Individual
402,Customer 0402,100402,IDD2571333181287733,8,AG008,Agent AG008,AGENT AG008,Medan,2023-06-18 14:29:14,Individual
403,Customer 0403,100403,IDD2661394839140580,13,AG013,Agent AG013,AGENT AG013,Jakarta Pusat,2023-11-22 14:25:01,Individual
404,Customer 0404,100404,IDD2777342864337788,20,AG020,Agent AG020,AGENT AG020,Medan,2025-10-14 14:00:45,Individual
405,Customer 0405,100405,IDD3507106438499005,7,AG007,Agent AG007,AGENT AG007,Jakarta Pusat,2022-10-04 16:11:23,Individual
406,Customer 0406,100406,IDD5121245305238975,11,AG011,Agent AG011,AGENT AG011,Bandung,2022-05-22 15:33:40,Individual
407,Customer 0407,100407,IDD4500551234065547,11,AG011,Agent AG011,AGENT AG011,Bandung,2025-10-04 13:22:54,Individual
408,Customer 0408,100408,IDD2553990538722049,15,AG015,Agent AG015,AGENT AG015,Jakarta Selatan,2024-10-19 09:43:08,Individual
409,Customer 0409,100409,IDD3148871428648573,11,AG011,Agent AG011,AGENT AG011,Bandung,2024-02-06 13:44:09,Individual
410,Customer 0410,100410,IDD4767160433431588,17,AG017,Agent AG017,AGENT AG017,Medan,2023-10-13 14:11:31,Individual
411,Customer 0411,100411,IDD9279067837387260,18,AG018,Agent AG018,AGENT AG018,Medan,2023-09-06 15:18:08,Individual
412,Customer 0412,100412,IDD8583925753368787,6,AG006,Agent AG006,AGENT AG006,Surabaya,2025-10-02 13:00:31,Individual
413,Customer 0413,100413,IDD8342810071298240,5,AG005,Agent AG005,AGENT AG005,Jakarta Selatan,2025-09-17 15:26:43,Individual
414,Customer 0414,100414,IDD7396393499836804,16,AG016,Agent AG016,AGENT AG016,Jakarta Selatan,2025-08-06 09:36:01,Individual
415,Customer 0415,100415,IDD1294489982134144,17,AG017,Agent AG017,AGENT AG017,Medan,2024-04-18 12:10:49,Individual
416,Customer 0416,100416,IDD7688009538664425,15,AG015,Agent AG015,AGENT AG015,Jakarta Selatan,2025-09-17 09:36:07,Individual
417,Customer 0417,100417,IDD5891868000014003,9,AG009,Agent AG009,AGENT AG009,Jakarta Pusat,2024-09-27 08:48:46,Individual
418,Customer 0418,100418,IDD2968450282835683,15,AG015,Agent AG015,AGENT AG015,Jakarta Selatan,2025-02-24 11:19:55,Individual
419,Customer 0419,100419,IDD3367228991350962,2,AG002,Agent AG002,AGENT AG002,Jakarta Pusat,2024-02-15 09:49:51,Individual
420,Customer 0420,100420,IDD8302158269190999,8,AG008,Agent AG008,AGENT AG008,Medan,2024-12-20 14:10:39,Individual
421,Customer 0421,100421,IDD2861064239866490,5,AG005,Agent AG005,AGENT AG005,Jakarta Selatan,2023-01-19 13:34:17,Individual
422,Customer 0422,100422,IDD2516606805818449,20,AG020,Agent AG020,AGENT AG020,Medan,2024-12-10 12:36:17,Individual
423,Customer 0423,100423,IDD9107880285271573,17,AG017,Agent AG017,AGENT AG017,Medan,2022-03-25 14:58:03,Individual
424,Customer 0424,100424,IDD6907791369131180,9,AG009,Agent AG009,AGENT AG009,Jakarta Pusat,2023-12-28 10:15:09,Individual
425,Customer 0425,100425,IDD3229774484726320,11,AG011,Agent AG011,AGENT AG011,Bandung,2025-08-05 17:40:17,Individual
426,Customer 0426,100426,IDD5071179636394805,14,AG014,Agent AG014,AGENT AG014,Jakarta Pusat,2022-11-26 09:25:32,Individual
427,Customer 0427,100427,IDD9433768269879431,9,AG009,Agent AG009,AGENT AG009,Jakarta Pusat,2024-08-16 13:37:00,Individual
428,Customer 0428,100428,IDD9756350534179560,3,AG003,Agent AG003,AGENT AG003,Surabaya,2025-11-22 13:54:04,Individual
429,Customer 0429,100429,IDD2962037258269975,18,AG018,Agent AG018,AGENT AG018,Medan,2025-04-16 12:20:53,Individual
430,Customer 0430,100430,IDD5929734848225078,10,AG010,Agent AG010,AGENT AG010,Medan,2023-10-28 15:50:21,Individual
431,Customer 0431,100431,IDD1896888152975986,2,AG002,Agent AG002,AGENT AG002,Jakarta Pusat,2025-01-04 10:28:29,Individual
432,Customer 0432,100432,IDD9629186263063618,1,AG001,Agent AG001,AGENT AG001,Jakarta Pusat,2025-04-23 10:56:41,Individual
433,Customer 0433,100433,IDD8876103120273185,10,AG010,Agent AG010,AGENT AG010,Medan,2024-02-21 13:16:05,Individual
434,Customer 0434,100434,IDD9140709636685766,12,AG012,Agent AG012,AGENT AG012,Jakarta Pusat,2023-01-13 12:46:44,Individual
435,Customer 0435,100435,IDD6904087226913833,8,AG008,Agent AG008,AGENT AG008,Medan,2022-12-04 08:13:30,Individual
436,Customer 0436,100436,IDD6347389472283910,9,AG009,Agent AG009,AGENT AG009,Jakarta Pusat,2023-09-22 15:00:00,Individual
437,Customer 0437,100437,IDD2086213623516853,11,AG011,Agent AG011,AGENT AG011,Bandung,2025-12-05 15:04:14,Individual
438,Customer 0438,100438,IDD7582127959107273,13,AG013,Agent AG013,AGENT AG013,Jakarta Pusat,2022-02-11 13:56:19,Individual
439,Customer 0439,100439,IDD7966713475793338,5,AG005,Agent AG005,AGENT AG005,Jakarta Selatan,2023-11-22 10:04:33,Individual
440,Customer 0440,100440,IDD6497266117502595,19,AG019,Agent AG019,AGENT AG019,Jakarta Pusat,2023-08-12 11:40:47,Individual
441,Customer 0441,100441,IDD4708356023692900,5,AG005,Agent AG005,AGENT AG005,Jakarta Selatan,2025-04-03 09:08:48,Individual
442,Customer 0442,100442,IDD7575339764338917,4,AG004,Agent AG004,AGENT AG004,Jakarta Selatan,2025-06-14 13:50:08,Individual
443,Customer 0443,100443,IDD6806225743108652,8,AG008,Agent AG008,AGENT AG008,Medan,2022-04-18 17:38:46,Individual
444,Customer 0444,100444,IDD8016332812915184,20,AG020,Agent AG020,AGENT AG020,Medan,2022-11-10 11:33:38,Individual
445,Customer 0445,100445,IDD7735974114206576,17,AG017,Agent AG017,AGENT AG017,Medan,2025-05-21 08:50:57,Individual
446,Customer 0446,100446,IDD4475747359487530,8,AG008,Agent AG008,AGENT AG008,Medan,2022-04-16 17:04:33,Individual
447,Customer 0447,100447,IDD4252484187641191,1,AG001,Agent AG001,AGENT AG001,Jakarta Pusat,2024-03-13 17:26:23,Individual
448,Customer 0448,100448,IDD2556176958736966,18,AG018,Agent AG018,AGENT AG018,Medan,2025-02-01 17:04:00,Individual
449,Customer 0449,100449,IDD1358725185105400,9,AG009,Agent AG009,AGENT AG009,Jakarta Pusat,2022-07-17 12:40:45,Individual
450,Customer 0450,100450,IDD4741881882202676,17,AG017,Agent AG017,AGENT AG017,Medan,2025-12-13 09:40:34,Individual
451,Customer 0451,100451,IDD2375225404277379,18,AG018,Agent AG018,AGENT AG018,Medan,2024-02-10 09:32:58,Individual
452,Customer 0452,100452,IDD8278358843660810,7,AG007,Agent AG007,AGENT AG007,Jakarta Pusat,2023-09-11 14:37:40,Individual
453,Customer 0453,100453,IDD7293111968318606,3,AG003,Agent AG003,AGENT AG003,Surabaya,2025-12-28 11:03:15,Individual
454,Customer 0454,100454,IDD4913483682080652,3,AG003,Agent AG003,AGENT AG003,Surabaya,2022-08-20 17:03:19,Individual
455,Customer 0455,100455,IDD1114074844385575,6,AG006,Agent AG006,AGENT AG006,Jakarta Selatan,2023-12-01 10:31:22,Individual
456,Customer 0456,100456,IDD8052518910113613,17,AG017,Agent AG017,AGENT AG017,Medan,2024-03-12 10:47:49,Individual
457,Customer 0457,100457,IDD8984115422965465,9,AG009,Agent AG009,AGENT AG009,Jakarta Pusat,2022-01-11 14:17:33,Individual
458,Customer 0458,100458,IDD7416038024489734,3,AG003,Agent AG003,AGENT AG003,Surabaya,2022-08-15 16:23:03,Individual
459,Customer 0459,100459,IDD6106058380902576,16,AG016,Agent AG016,AGENT AG016,Jakarta Selatan,2023-06-06 12:49:06,Individual
460,Customer 0460,100460,IDD7510211243386906,19,AG019,Agent AG019,AGENT AG019,Jakarta Pusat,2022-04-24 16:00:02,Individual
461,Customer 0461,100461,IDD1414164746693766,1,AG001,Agent AG001,AGENT AG001,Jakarta Pusat,2025-06-13 10:11:59,Individual
462,Customer 0462,100462,IDD8233822517660651,2,AG002,Agent AG002,AGENT AG002,Jakarta Pusat,2025-04-11 11:26:58,Individual
463,Customer 0463,100463,IDD8439919608834393,11,AG011,Agent AG011,AGENT AG011,Bandung,2022-10-12 09:32:43,Individual
464,Customer 0464,100464,IDD3010268803105528,2,AG002,Agent AG002,AGENT AG002,Jakarta Pusat,2022-07-03 15:55:18,Individual
465,Customer 0465,100465,IDD1778090565992025,10,AG010,Agent AG010,AGENT AG010,Medan,2025-01-12 11:18:36,Individual
466,Customer 0466,100466,IDD6608942702221828,10,AG010,Agent AG010,AGENT AG010,Medan,2023-08-12 17:31:49,Individual
467,Institution 0467,100467,IDD9110473358784406,7,AG007,Agent AG007,AGENT AG007,Jakarta Pusat,2023-03-01 14:01:14,Institution
468,Institution 0468,100468,IDD6728053341665596,18,AG018,Agent AG018,AGENT AG018,Medan,2022-06-01 14:54:47,Institution
469,Institution 0469,100469,IDD2848223658174250,10,AG010,Agent AG010,AGENT AG010,Medan,2023-07-16 08:09:45,Institution
470,Institution 0470,100470,IDD1395416563652624,9,AG009,Agent AG009,AGENT AG009,Jakarta Pusat,2023-09-14 13:29:47,Institution
471,Institution 0471,100471,IDD1860881444233810,3,AG003,Agent AG003,AGENT AG003,Surabaya,2023-11-27 14:04:37,Institution
472,Institution 0472,100472,IDD4917976809096479,13,AG013,Agent AG013,AGENT AG013,Jakarta Pusat,2023-04-10 12:54:20,Institution
473,Institution 0473,100473,IDD8493088853541074,13,AG013,Agent AG013,AGENT AG013,Jakarta Pusat,2024-06-15 12:14:04,Institution
474,Institution 0474,100474,IDD8025046662429139,7,AG007,Agent AG007,AGENT AG007,Jakarta Pusat,2022-03-04 10:28:29,Institution
475,Institution 0475,100475,IDD2087500350207202,11,AG011,Agent AG011,AGENT AG011,Bandung,2024-04-15 12:29:16,Institution
476,Institution 0476,100476,IDD2419671763276487,4,AG004,Agent AG004,AGENT AG004,Jakarta Selatan,2024-12-23 17:02:13,Institution
477,Institution 0477,100477,IDD1821572046195828,11,AG011,Agent AG011,AGENT AG011,Bandung,2023-06-13 16:03:43,Institution
478,Institution 0478,100478,IDD8386709211368060,10,AG010,Agent AG010,AGENT AG010,Medan,2023-01-13 15:35:47,Institution
479,Institution 0479,100479,IDD1853209211361182,18,AG018,Agent AG018,AGENT AG018,Medan,2025-02-26 10:07:00,Institution
480,Institution 0480,100480,IDD8034262349105148,7,AG007,Agent AG007,AGENT AG007,Jakarta Pusat,2023-03-07 14:23:43,Institution
481,Institution 0481,100481,IDD6279290401958946,3,AG003,Agent AG003,AGENT AG003,Surabaya,2024-02-01 09:12:57,Institution
482,Institution 0482,100482,IDD2160052667724438,15,AG015,Agent AG015,AGENT AG015,Jakarta Selatan,2022-06-04 08:29:03,Institution
483,Institution 0483,100483,IDD6169091599132054,6,AG006,Agent AG006,AGENT AG006,Surabaya,2025-12-13 15:01:24,Institution
484,Institution 0484,100484,IDD4188034706937826,14,AG014,Agent AG014,AGENT AG014,Jakarta Pusat,2023-03-09 12:28:56,Institution
485,Institution 0485,100485,IDD6531376860186913,5,AG005,Agent AG005,AGENT AG005,Jakarta Selatan,2023-11-10 15:26:56,Institution
486,Institution 0486,100486,IDD1549251065169255,11,AG011,Agent AG011,AGENT AG011,Bandung,2022-05-13 10:26:12,Institution
487,Institution 0487,100487,IDD6681327974655404,17,AG017,Agent AG017,AGENT AG017,Medan,2022-07-26 13:30:34,Institution
488,Institution 0488,100488,IDD9220663371439794,16,AG016,Agent AG016,AGENT AG016,Jakarta Selatan,2024-07-09 10:01:20,Institution
489,Institution 0489,100489,IDD1263939565925657,20,AG020,Agent AG020,AGENT AG020,Medan,2024-01-26 15:33:22,Institution
490,Institution 0490,100490,IDD3096536744241556,19,AG019,Agent AG019,AGENT AG019,Jakarta Pusat,2023-02-08 11:17:34,Institution
491,Institution 0491,100491,IDD9974702518780722,2,AG002,Agent AG002,AGENT AG002,Jakarta Pusat,2023-10-28 14:22:59,Institution
492,Institution 0492,100492,IDD3130661017446900,6,AG006,Agent AG006,AGENT AG006,Jakarta Selatan,2024-12-23 13:58:37,Institution
493,Institution 0493,100493,IDD7310091663178986,1,AG001,Agent AG001,AGENT AG001,Jakarta Pusat,2024-10-19 10:36:12,Institution
494,Institution 0494,100494,IDD3783703776931219,16,AG016,Agent AG016,AGENT AG016,Jakarta Selatan,2023-08-02 09:03:14,Institution
495,Institution 0495,100495,IDD1179496213011694,4,AG004,Agent AG004,AGENT AG004,Jakarta Selatan,2025-01-11 17:12:51,Institution
496,Institution 0496,100496,IDD7457600757201943,9,AG009,Agent AG009,AGENT AG009,Jakarta Pusat,2023-06-02 08:09:37,Institution
497,Institution 0497,100497,IDD1999085733372445,5,AG005,Agent AG005,AGENT AG005,Jakarta Selatan,2024-02-12 14:37:06,Institution
498,Institution 0498,100498,IDD3905748535278376,11,AG011,Agent AG011,AGENT AG011,Bandung,2023-03-24 14:50:40,Institution
499,Institution 0499,100499,IDD3857835372260765,16,AG016,Agent AG016,AGENT AG016,Jakarta Selatan,2023-12-18 17:50:22,Institution
500,Institution 0500,100500,IDD6304789980170386,8,AG008,Agent AG008,AGENT AG008,Medan,2023-07-10 12:08:11,Institution
